{
	"header": {
		"configurationId": "8394839849-3ed4-4cea-858d-3414c610b854",
		"configurationName": "Browse Event",
		"version": "v1.0",
		"createdBy": "User-1",
		"createdDate": "04/30/2020"
	},
	"body": {
		"logLevel": "DEBUG",
		"serviceDataValidation": {
			"items": [
				{
					"fieldName": "pageURL",
					"validationType": "inbuilt",
					"validationName": "decimalValidation",
					"validationInput": "{\"inputField\":\"pageURL\",\"pattern\":\"^https://.*|\"}",
					"defaultValue": "",
					"validationOutputName": "pageURL_validation",
					"exceptionHandling": "default",
					"errorMessage": "pageURL should Start with https:// or null",
					"mandatoryField": "Y"
				},
				{
					"fieldName": "pageName",
					"validationType": "inbuilt",
					"validationName": "decimalValidation",
					"validationInput": "{\"inputField\":\"pageName\",\"pattern\":\"^(wbc|bsa|stg|bom|bt)[a-zA-Z0-9: ]*(?<!:)$\"}",
					"defaultValue": "",
					"validationOutputName": "pageName_validation",
					"exceptionHandling": "default",
					"errorMessage": "pageName Cannot start or end with : and should Starts with wbc or bsa or stg or bom or bt",
					"mandatoryField": "Y"
				},
				{
					"fieldName": "referrer",
					"validationType": "inbuilt",
					"validationName": "decimalValidation",
					"validationInput": "{\"inputField\":\"referrer\",\"pattern\":\"^https://.*|\"}",
					"defaultValue": "",
					"validationOutputName": "referrer_validation",
					"exceptionHandling": "default",
					"errorMessage": "referrer should Start with https:// or null",
					"mandatoryField": "Y"
				},
				{
					"fieldName": "prop23",
					"validationType": "inbuilt",
					"validationName": "decimalValidation",
					"validationInput": "{\"inputField\":\"props/prop23\",\"pattern\":\"^(wbc|bsa|stg|bom|bt).*(?<!:)$|\"}",
					"defaultValue": "",
					"validationOutputName": "prop23_validation",
					"exceptionHandling": "default",
					"errorMessage": "prop23 Cannot start or end with : and should Starts with wbc or bsa or stg or bom or bt or null",
					"mandatoryField": "Y"
				},
				{
					"fieldName": "evar3",
					"validationType": "inbuilt",
					"validationName": "decimalValidation",
					"validationInput": "{\"inputField\":\"evars/evars/eVar3\",\"pattern\":\"^(wbc|bsa|stg|bom|bt).*(?<!:)$|\"}",
					"defaultValue": "",
					"validationOutputName": "evar3_validation",
					"exceptionHandling": "default",
					"errorMessage": "evar3 Cannot start or end with : and should Starts with wbc or bsa or stg or bom or bt or null",
					"mandatoryField": "Y"
				},
				{
					"fieldName": "prop15",
					"validationType": "inbuilt",
					"validationName": "decimalValidation",
					"validationInput": "{\"inputField\":\"props/prop15\",\"pattern\":\"^(wbc|bsa|stg|bom|bt)[a-zA-Z0-9:]*(?<!:)$|\"}",
					"defaultValue": "",
					"validationOutputName": "prop15_validation",
					"exceptionHandling": "default",
					"errorMessage": "prop15 Cannot start or end with : and should Starts with wbc or bsa or stg or bom or bt or null",
					"mandatoryField": "Y"
				},
				{
					"fieldName": "prop52",
					"validationType": "inbuilt",
					"validationName": "decimalValidation",
					"validationInput": "{\"inputField\":\"props/prop52\",\"pattern\":\"^[^:\\\\s].*(?<!:)$\"}",
					"defaultValue": "",
					"validationOutputName": "prop52_validation",
					"exceptionHandling": "default",
					"errorMessage": "prop52 Cannot start or end with :",
					"mandatoryField": "Y"
				},
				{
					"fieldName": "evar6",
					"validationType": "inbuilt",
					"validationName": "decimalValidation",
					"validationInput": "{\"inputField\":\"evars/evars/eVar6\",\"pattern\":\"wbc|bsa|stg|bom|bt\"}",
					"defaultValue": "",
					"validationOutputName": "evar6_validation",
					"exceptionHandling": "default",
					"errorMessage": "evar6 should be null or should be wbc|bsa|stg|bom|bt",
					"mandatoryField": "Y"
				},
				{
					"fieldName": "evar47",
					"validationType": "custom",
					"validationName": "customValidation",
					"validationInput": "{\"inputField\":\"evars/evars/eVar47\",\"code\":\"if(value.isEmpty || value.length.equals(37)) true else false\"}",
					"defaultValue": "",
					"validationOutputName": "evar47_validation",
					"exceptionHandling": "default",
					"errorMessage": "custom validation for evar47 as length is not 36",
					"mandatoryField": "Y"
				},
				{
					"fieldName": "evar48",
					"validationType": "custom",
					"validationName": "customValidation",
					"validationInput": "{\"inputField\":\"evars/evars/eVar48\",\"code\":\"if(value.isEmpty || value.length.equals(36)) true else false\"}",
					"defaultValue": "",
					"validationOutputName": "evar48_validation",
					"exceptionHandling": "default",
					"errorMessage": "custom validation for evar48 as length is not 36",
					"mandatoryField": "Y"
				},
				{
					"fieldName": "evar35",
					"validationType": "custom",
					"validationName": "customValidation",
					"validationInput": "{\"inputField\":\"evars/evars/eVar35\",\"code\":\"if(value.isEmpty || value.length.equals(36)) true else false\"}",
					"defaultValue": "",
					"validationOutputName": "evar35_validation",
					"exceptionHandling": "default",
					"errorMessage": "custom validation for evar35 as length is not 36",
					"mandatoryField": "Y"
				},
				{
					"fieldName": "evar7",
					"validationType": "inbuilt",
					"validationName": "decimalValidation",
					"validationInput": "{\"inputField\":\"evars/evars/eVar7\",\"pattern\":\"mob|mobile|mobapp|desktop|tab|tabapp|tabet|voice|watchapp\"}",
					"defaultValue": "",
					"validationOutputName": "evar7_validation",
					"exceptionHandling": "default",
					"errorMessage": "evar7 should be null or should be mob|mobile|mobapp|desktop|tab|tabapp|tabet|voice|watchapp",
					"mandatoryField": "Y"
				},
				{
					"fieldName": "evar40",
					"validationType": "inbuilt",
					"validationName": "decimalValidation",
					"validationInput": "{\"inputField\":\"evars/evars/eVar40\",\"pattern\":\"logged in|logged out\"}",
					"defaultValue": "",
					"validationOutputName": "evar40_validation",
					"exceptionHandling": "default",
					"errorMessage": "evar40 should be null or should be logged in|logged out",
					"mandatoryField": "Y"
				},
				{
					"fieldName": "prop40",
					"validationType": "inbuilt",
					"validationName": "decimalValidation",
					"validationInput": "{\"inputField\":\"props/prop40\",\"pattern\":\"pub|auth\"}",
					"defaultValue": "",
					"validationOutputName": "prop40_validation",
					"exceptionHandling": "default",
					"errorMessage": "prop40 should be null or should be pub|auth",
					"mandatoryField": "Y"
				},
				{
					"fieldName": "userAgent",
					"validationType": "inbuilt",
					"validationName": "decimalValidation",
					"validationInput": "{\"inputField\":\"userAgent\",\"pattern\":\".*\"}",
					"defaultValue": "",
					"validationOutputName": "userAgent_validation",
					"exceptionHandling": "default",
					"errorMessage": "userAgent can be null",
					"mandatoryField": "N"
				},
				{
					"fieldName": "operatingSystem",
					"validationType": "inbuilt",
					"validationName": "decimalValidation",
					"validationInput": "{\"inputField\":\"operatingSystem\",\"pattern\":\".*\"}",
					"defaultValue": "",
					"validationOutputName": "operatingSystem_validation",
					"exceptionHandling": "default",
					"errorMessage": "operatingSystem can be null",
					"mandatoryField": "N"
				},
				{
					"fieldName": "browser",
					"validationType": "inbuilt",
					"validationName": "decimalValidation",
					"validationInput": "{\"inputField\":\"browser\",\"pattern\":\".*\"}",
					"defaultValue": "",
					"validationOutputName": "browser_validation",
					"exceptionHandling": "default",
					"errorMessage": "browser can be null",
					"mandatoryField": "N"
				},
				{
					"fieldName": "prop7",
					"validationType": "inbuilt",
					"validationName": "decimalValidation",
					"validationInput": "{\"inputField\":\"props/prop7\",\"pattern\":\".*\"}",
					"defaultValue": "",
					"validationOutputName": "prop7_validation",
					"exceptionHandling": "default",
					"errorMessage": "prop7 can be null",
					"mandatoryField": "N"
				},
				{
					"fieldName": "ip",
					"validationType": "inbuilt",
					"validationName": "decimalValidation",
					"validationInput": "{\"inputField\":\"ip\",\"pattern\":\".*\"}",
					"defaultValue": "",
					"validationOutputName": "ip_validation",
					"exceptionHandling": "default",
					"errorMessage": "ip can be null",
					"mandatoryField": "N"
				},
				{
					"fieldName": "visitLow",
					"validationType": "inbuilt",
					"validationName": "decimalValidation",
					"validationInput": "{\"inputField\":\"visIdLow\",\"pattern\":\".+\"}",
					"defaultValue": "",
					"validationOutputName": "visitLow_validation",
					"exceptionHandling": "default",
					"errorMessage": "visitLow can not be null",
					"mandatoryField": "Y"
				},
				{
					"fieldName": "visitHigh",
					"validationType": "inbuilt",
					"validationName": "decimalValidation",
					"validationInput": "{\"inputField\":\"visIdHigh\",\"pattern\":\".+\"}",
					"defaultValue": "",
					"validationOutputName": "visitHigh_validation",
					"exceptionHandling": "default",
					"errorMessage": "visitHigh can not be null",
					"mandatoryField": "Y"
				},
				{
					"fieldName": "exclude",
					"validationType": "inbuilt",
					"validationName": "decimalValidation",
					"validationInput": "{\"inputField\":\"exclude/id\",\"pattern\":\".+\"}",
					"defaultValue": "",
					"validationOutputName": "exclude_validation",
					"exceptionHandling": "default",
					"errorMessage": "exclude can not be null",
					"mandatoryField": "Y"
				},
				{
					"fieldName": "hitSource",
					"validationType": "inbuilt",
					"validationName": "decimalValidation",
					"validationInput": "{\"inputField\":\"hitSource\",\"pattern\":\".+\"}",
					"defaultValue": "",
					"validationOutputName": "hitSource_validation",
					"exceptionHandling": "default",
					"errorMessage": "hitSource can not be null",
					"mandatoryField": "Y"
				}
			]
		}
	}
}
